JKey,Shortname,Title,Volume,Number,Year
J1,TKDE,IEEE Trans. Knowl. Data Eng.,28,6,2016
J2,PVLDB,PVLDB,9,4,2015
J3,VLDB,VLDB J.,21,1,2012
J4,KAIS,Knowl. Inf. Syst.,30,2,2012
J5,PVLDB,PVLDB,7,1,2013
J6,PVLDB,PVLDB,6,8,2013
J7,IS,Inf. Syst.,86,,2019
J8,IS,Inf. Syst.,49,,2015
J9,IS,Inf. Syst.,37,5,2012
J10,PVLDB,PVLDB,6,3,2013
J11,KAIS,Knowl. Inf. Syst.,54,1,2018
J12,DBSK,Datenbank-Spektrum,11,1,2011
J13,KAIS,Knowl. Inf. Syst.,33,3,2012
J14,CACM,Commun. ACM,61,5,2018
J15,TODS,ACM Trans. Database Syst.,41,3,2016
J16,TKDE,IEEE Trans. Knowl. Data Eng.,28,1,2016
J17,CACM,Commun. ACM,59,11,2016
J18,KAIS,Knowl. Inf. Syst.,52,3,2017
J19,DEBU,IEEE Data Eng. Bull.,41,4,2018
J20,KAIS,Knowl. Inf. Syst.,46,3,2016
J21,VLDB,VLDB J.,27,6,2018
J22,TKDE,IEEE Trans. Knowl. Data Eng.,29,9,2017
J23,DBSK,Datenbank-Spektrum,16,3,2016
J24,KAIS,Knowl. Inf. Syst.,60,1,2019
J25,DEBU,IEEE Data Eng. Bull.,42,2,2019
J26,CACM,Commun. ACM,57,6,2014
J27,IS,Inf. Syst.,44,,2014
J28,VLDB,VLDB J.,25,5,2016
J29,TKDE,IEEE Trans. Knowl. Data Eng.,29,4,2017
J30,PVLDB,PVLDB,8,13,2015
J31,TODS,ACM Trans. Database Syst.,42,1,2017
J32,IS,Inf. Syst.,78,,2018
J33,PVLDB,PVLDB,7,6,2014
J34,TKDE,IEEE Trans. Knowl. Data Eng.,29,10,2017
J35,TKDE,IEEE Trans. Knowl. Data Eng.,30,2,2018
J36,SIGMOD,SIGMOD Record,45,4,2016
J37,TODS,ACM Trans. Database Syst.,39,2,2014
J38,IS,Inf. Syst.,36,7,2011
J39,PVLDB,PVLDB,12,8,2019
J40,TKDE,IEEE Trans. Knowl. Data Eng.,31,12,2019
J41,VLDB,VLDB J.,26,3,2017
J42,CACM,Commun. ACM,56,3,2013
J43,CACM,Commun. ACM,62,8,2019
J44,KAIS,Knowl. Inf. Syst.,59,3,2019
J45,TKDE,IEEE Trans. Knowl. Data Eng.,24,2,2012
J46,PVLDB,PVLDB,8,9,2015
J47,DEBU,IEEE Data Eng. Bull.,36,2,2013
J48,TKDE,IEEE Trans. Knowl. Data Eng.,25,12,2013
J49,PVLDB,PVLDB,4,10,2011
J50,PVLDB,PVLDB,11,5,2018
J51,PVLDB,PVLDB,9,12,2016
J52,TKDE,IEEE Trans. Knowl. Data Eng.,31,5,2019
J53,SIGMOD,SIGMOD Record,46,2,2017
J54,KAIS,Knowl. Inf. Syst.,37,2,2013
J55,VLDB,VLDB J.,23,2,2014
J56,PVLDB,PVLDB,7,14,2014
J57,TKDE,IEEE Trans. Knowl. Data Eng.,26,11,2014
J58,PVLDB,PVLDB,12,3,2018
J59,CACM,Commun. ACM,56,8,2013
J60,DEBU,IEEE Data Eng. Bull.,39,3,2016
J61,KAIS,Knowl. Inf. Syst.,50,2,2017
J62,DBSK,Datenbank-Spektrum,13,2,2013
J63,KAIS,Knowl. Inf. Syst.,56,2,2018
J64,IS,Inf. Syst.,36,2,2011
J65,TKDE,IEEE Trans. Knowl. Data Eng.,30,7,2018
J66,KAIS,Knowl. Inf. Syst.,41,1,2014
J67,VLDB,VLDB J.,22,4,2013
J68,TKDE,IEEE Trans. Knowl. Data Eng.,24,7,2012
J69,CACM,Commun. ACM,62,3,2019
J70,IS,Inf. Syst.,65,,2017
J71,KAIS,Knowl. Inf. Syst.,27,3,2011
J72,TODS,ACM Trans. Database Syst.,36,1,2011
J73,SIGMOD,SIGMOD Record,42,3,2013
J74,KAIS,Knowl. Inf. Syst.,43,2,2015
J75,CACM,Commun. ACM,58,12,2015
J76,TKDE,IEEE Trans. Knowl. Data Eng.,26,8,2014
J77,TKDE,IEEE Trans. Knowl. Data Eng.,25,5,2013
J78,IS,Inf. Syst.,57,,2016
J79,CACM,Commun. ACM,59,4,2016
J80,KAIS,Knowl. Inf. Syst.,28,1,2011
J81,TODS,ACM Trans. Database Syst.,37,4,2012
J82,PVLDB,PVLDB,11,10,2018
J83,SIGMOD,SIGMOD Record,44,1,2015
J84,TODS,ACM Trans. Database Syst.,44,4,2019
J85,CACM,Commun. ACM,60,11,2017
J86,DEBU,IEEE Data Eng. Bull.,40,1,2017
J87,VLDB,VLDB J.,23,4,2014
J88,KAIS,Knowl. Inf. Syst.,47,3,2016
J89,CACM,Commun. ACM,62,5,2019
J90,CACM,Commun. ACM,55,10,2012
J91,KAIS,Knowl. Inf. Syst.,34,3,2013
J92,TKDE,IEEE Trans. Knowl. Data Eng.,27,12,2015
J93,KAIS,Knowl. Inf. Syst.,38,2,2014
J94,VLDB,VLDB J.,20,3,2011
J95,TKDE,IEEE Trans. Knowl. Data Eng.,28,11,2016
J96,CACM,Commun. ACM,60,2,2017
J97,VLDB,VLDB J.,24,2,2015
J98,PVLDB,PVLDB,10,11,2017
J99,IS,Inf. Syst.,60,,2016
J100,CACM,Commun. ACM,59,9,2016
J101,TKDE,IEEE Trans. Knowl. Data Eng.,27,8,2015
J102,PVLDB,PVLDB,9,14,2016
J103,IS,Inf. Syst.,73,,2018
J104,KAIS,Knowl. Inf. Syst.,28,3,2011
J105,KAIS,Knowl. Inf. Syst.,57,2,2018
J106,CACM,Commun. ACM,61,10,2018
J107,PVLDB,PVLDB,5,11,2012
J108,KAIS,Knowl. Inf. Syst.,35,1,2013
J109,IS,Inf. Syst.,52,,2015
J110,TKDE,IEEE Trans. Knowl. Data Eng.,27,3,2015
J111,PVLDB,PVLDB,5,5,2012
J112,KAIS,Knowl. Inf. Syst.,29,1,2011
J113,TKDE,IEEE Trans. Knowl. Data Eng.,31,7,2019
J114,TODS,ACM Trans. Database Syst.,38,4,2013
J115,TKDE,IEEE Trans. Knowl. Data Eng.,25,2,2013
J116,DEBU,IEEE Data Eng. Bull.,34,1,2011
J117,TKDE,IEEE Trans. Knowl. Data Eng.,26,5,2014
J118,CACM,Commun. ACM,54,2,2011
J119,TODS,ACM Trans. Database Syst.,37,1,2012
J120,SIGMOD,SIGMOD Record,43,3,2014
J121,PVLDB,PVLDB,4,12,2011
J122,CACM,Commun. ACM,60,7,2017
J123,KAIS,Knowl. Inf. Syst.,44,2,2015
J124,PVLDB,PVLDB,4,7,2011
J125,PVLDB,PVLDB,10,7,2017
J126,TKDE,IEEE Trans. Knowl. Data Eng.,23,4,2011
J127,IS,Inf. Syst.,81,,2019
J128,CACM,Commun. ACM,57,8,2014
J129,PVLDB,PVLDB,13,3,2019
J130,IS,Inf. Syst.,37,7,2012
J131,CACM,Commun. ACM,55,5,2012
J132,DBSK,Datenbank-Spektrum,17,3,2017
J133,TKDE,IEEE Trans. Knowl. Data Eng.,29,1,2017
J134,IS,Inf. Syst.,37,2,2012
J135,DEBU,IEEE Data Eng. Bull.,37,2,2014
J136,KAIS,Knowl. Inf. Syst.,55,1,2018
J137,PVLDB,PVLDB,10,2,2016
J138,CACM,Commun. ACM,54,7,2011
J139,DBSK,Datenbank-Spektrum,14,2,2014
J140,CACM,Commun. ACM,58,6,2015
J141,DBSK,Datenbank-Spektrum,18,1,2018
J142,DEBU,IEEE Data Eng. Bull.,35,4,2012
J143,TKDE,IEEE Trans. Knowl. Data Eng.,23,9,2011
J144,TODS,ACM Trans. Database Syst.,42,3,2017
J145,PVLDB,PVLDB,8,1,2014
J146,VLDB,VLDB J.,28,1,2019
J147,KAIS,Knowl. Inf. Syst.,31,2,2012
J148,CACM,Commun. ACM,57,3,2014
J149,KAIS,Knowl. Inf. Syst.,53,3,2017
J150,TODS,ACM Trans. Database Syst.,43,1,2018
J151,PVLDB,PVLDB,7,8,2014
J152,PVLDB,PVLDB,9,9,2016
J153,VLDB,VLDB J.,27,3,2018
J154,TKDE,IEEE Trans. Knowl. Data Eng.,29,6,2017
J155,PVLDB,PVLDB,7,3,2013
J156,PVLDB,PVLDB,6,10,2013
J157,SIGMOD,SIGMOD Record,40,2,2011
J158,KAIS,Knowl. Inf. Syst.,48,1,2016
J159,PVLDB,PVLDB,8,10,2015
J160,TKDE,IEEE Trans. Knowl. Data Eng.,31,2,2019
J161,IS,Inf. Syst.,38,5,2013
J162,KAIS,Knowl. Inf. Syst.,40,3,2014
J163,VLDB,VLDB J.,21,6,2012
J164,SIGMOD,SIGMOD Record,47,2,2018
J165,CACM,Commun. ACM,58,1,2015
J166,VLDB,VLDB J.,28,6,2019
J167,PVLDB,PVLDB,8,6,2015
J168,KAIS,Knowl. Inf. Syst.,61,1,2019
J169,TKDE,IEEE Trans. Knowl. Data Eng.,30,4,2018
J170,IS,Inf. Syst.,41,,2014
J171,IS,Inf. Syst.,54,,2015
J172,VLDB,VLDB J.,28,3,2019
J173,TODS,ACM Trans. Database Syst.,39,4,2014
J174,SIGMOD,SIGMOD Record,46,4,2017
J175,PVLDB,PVLDB,10,4,2016
J176,IS,Inf. Syst.,67,,2017
J177,KAIS,Knowl. Inf. Syst.,49,1,2016
J178,CACM,Commun. ACM,58,3,2015
J179,TKDE,IEEE Trans. Knowl. Data Eng.,23,1,2011
J180,DBSK,Datenbank-Spektrum,15,2,2015
J181,PVLDB,PVLDB,7,11,2014
J182,VLDB,VLDB J.,29,1,2020
J183,CACM,Commun. ACM,54,11,2011
J184,TKDE,IEEE Trans. Knowl. Data Eng.,32,2,2020
J185,VLDB,VLDB J.,25,2,2016
J186,TKDE,IEEE Trans. Knowl. Data Eng.,29,12,2017
J187,PVLDB,PVLDB,11,2,2017
J188,CACM,Commun. ACM,56,5,2013
J189,DEBU,IEEE Data Eng. Bull.,38,2,2015
J190,CACM,Commun. ACM,55,7,2012
J191,DEBU,IEEE Data Eng. Bull.,35,1,2012
J192,TKDE,IEEE Trans. Knowl. Data Eng.,30,10,2018
J193,TODS,ACM Trans. Database Syst.,40,2,2015
J194,DBSK,Datenbank-Spektrum,12,1,2012
J195,KAIS,Knowl. Inf. Syst.,48,3,2016
J196,VLDB,VLDB J.,22,1,2013
J197,DBSK,Datenbank-Spektrum,18,3,2018
J198,TKDE,IEEE Trans. Knowl. Data Eng.,24,4,2012
J199,KAIS,Knowl. Inf. Syst.,26,2,2011
J200,KAIS,Knowl. Inf. Syst.,62,1,2020
J201,PVLDB,PVLDB,9,6,2016
J202,DBSK,Datenbank-Spektrum,19,1,2019
J203,IS,Inf. Syst.,38,7,2013
J204,TODS,ACM Trans. Database Syst.,36,3,2011
J205,DEBU,IEEE Data Eng. Bull.,36,4,2013
J206,TKDE,IEEE Trans. Knowl. Data Eng.,23,6,2011
J207,VLDB,VLDB J.,21,3,2012
J208,CACM,Commun. ACM,59,1,2016
J209,PVLDB,PVLDB,6,12,2013
J210,DBSK,Datenbank-Spektrum,11,3,2011
J211,IS,Inf. Syst.,38,2,2013
J212,KAIS,Knowl. Inf. Syst.,54,3,2018
J213,CACM,Commun. ACM,62,11,2019
J214,PVLDB,PVLDB,8,3,2014
J215,KAIS,Knowl. Inf. Syst.,39,2,2014
J216,TKDE,IEEE Trans. Knowl. Data Eng.,24,10,2012
J217,VLDB,VLDB J.,22,6,2013
J218,TKDE,IEEE Trans. Knowl. Data Eng.,30,9,2018
J219,SIGMOD,SIGMOD Record,48,2,2019
J220,IS,Inf. Syst.,59,,2016
J221,KAIS,Knowl. Inf. Syst.,32,2,2012
J222,SIGMOD,SIGMOD Record,41,2,2012
J223,PVLDB,PVLDB,9,1,2015
J224,KAIS,Knowl. Inf. Syst.,42,1,2015
J225,TKDE,IEEE Trans. Knowl. Data Eng.,25,7,2013
J226,KAIS,Knowl. Inf. Syst.,51,2,2017
J227,PVLDB,PVLDB,12,11,2019
J228,CACM,Commun. ACM,60,4,2017
J229,KAIS,Knowl. Inf. Syst.,41,3,2014
J230,CACM,Commun. ACM,57,10,2014
J231,PVLDB,PVLDB,5,7,2012
J232,TKDE,IEEE Trans. Knowl. Data Eng.,27,5,2015
J233,IS,Inf. Syst.,62,,2016
J234,TODS,ACM Trans. Database Syst.,44,1,2019
J235,TKDE,IEEE Trans. Knowl. Data Eng.,24,9,2012
J236,TKDE,IEEE Trans. Knowl. Data Eng.,28,8,2016
J237,IS,Inf. Syst.,75,,2018
J238,PVLDB,PVLDB,11,12,2018
J239,CACM,Commun. ACM,59,6,2016
J240,CACM,Commun. ACM,61,2,2018
J241,CACM,Commun. ACM,56,11,2013
J242,IS,Inf. Syst.,88,,2020
J243,PVLDB,PVLDB,5,2,2011
J244,SIGMOD,SIGMOD Record,45,1,2016
J245,KAIS,Knowl. Inf. Syst.,36,1,2013
J246,PVLDB,PVLDB,11,7,2018
J247,DEBU,IEEE Data Eng. Bull.,41,1,2018
J248,IS,Inf. Syst.,36,4,2011
J249,CACM,Commun. ACM,54,4,2011
J250,IS,Inf. Syst.,83,,2019
J251,CACM,Commun. ACM,60,9,2017
J252,KAIS,Knowl. Inf. Syst.,58,2,2019
J253,KAIS,Knowl. Inf. Syst.,45,2,2015
J254,DEBU,IEEE Data Eng. Bull.,40,3,2017
J255,CACM,Commun. ACM,55,2,2012
J256,KAIS,Knowl. Inf. Syst.,60,3,2019
J257,KAIS,Knowl. Inf. Syst.,35,3,2013
J258,TODS,ACM Trans. Database Syst.,38,1,2013
J259,SIGMOD,SIGMOD Record,44,3,2015
J260,PVLDB,PVLDB,12,5,2019
J261,VLDB,VLDB J.,24,4,2015
J262,IS,Inf. Syst.,46,,2014
J263,CACM,Commun. ACM,61,7,2018
J264,PVLDB,PVLDB,6,5,2013
J265,TKDE,IEEE Trans. Knowl. Data Eng.,28,3,2016
J266,VLDB,VLDB J.,26,5,2017
J267,DEBU,IEEE Data Eng. Bull.,37,4,2014
J268,TKDE,IEEE Trans. Knowl. Data Eng.,25,4,2013
J269,PVLDB,PVLDB,6,2,2012
J270,TKDE,IEEE Trans. Knowl. Data Eng.,31,9,2019
J271,CACM,Commun. ACM,54,9,2011
J272,VLDB,VLDB J.,27,5,2018
J273,IS,Inf. Syst.,36,6,2011
J274,PVLDB,PVLDB,12,7,2019
J275,TODS,ACM Trans. Database Syst.,41,2,2016
J276,KAIS,Knowl. Inf. Syst.,29,3,2011
J277,KAIS,Knowl. Inf. Syst.,30,1,2012
J278,TKDE,IEEE Trans. Knowl. Data Eng.,23,11,2011
J279,TKDE,IEEE Trans. Knowl. Data Eng.,28,5,2016
J280,KAIS,Knowl. Inf. Syst.,61,3,2019
J281,PVLDB,PVLDB,10,9,2017
J282,CACM,Commun. ACM,57,5,2014
J283,KAIS,Knowl. Inf. Syst.,42,3,2015
J284,TKDE,IEEE Trans. Knowl. Data Eng.,29,3,2017
J285,IS,Inf. Syst.,70,,2017
J286,IS,Inf. Syst.,36,1,2011
J287,PVLDB,PVLDB,6,7,2013
J288,PVLDB,PVLDB,12,13,2019
J289,SIGMOD,SIGMOD Record,47,4,2018
J290,CACM,Commun. ACM,59,10,2016
J291,PVLDB,PVLDB,7,5,2014
J292,IS,Inf. Syst.,56,,2016
J293,DEBU,IEEE Data Eng. Bull.,34,3,2011
J294,KAIS,Knowl. Inf. Syst.,52,2,2017
J295,PVLDB,PVLDB,12,2,2018
J296,TKDE,IEEE Trans. Knowl. Data Eng.,25,9,2013
J297,CACM,Commun. ACM,56,2,2013
J298,CACM,Commun. ACM,62,7,2019
J299,CACM,Commun. ACM,61,12,2018
J300,DBSK,Datenbank-Spektrum,16,2,2016
J301,PVLDB,PVLDB,13,5,2020
J302,KAIS,Knowl. Inf. Syst.,59,2,2019
J303,VLDB,VLDB J.,26,2,2017
J304,TKDE,IEEE Trans. Knowl. Data Eng.,26,10,2014
J305,CACM,Commun. ACM,61,4,2018
J306,VLDB,VLDB J.,20,5,2011
J307,KAIS,Knowl. Inf. Syst.,36,3,2013
J308,IS,Inf. Syst.,37,4,2012
J309,IS,Inf. Syst.,48,,2015
J310,SIGMOD,SIGMOD Record,46,1,2017
J311,DEBU,IEEE Data Eng. Bull.,42,1,2019
J312,TKDE,IEEE Trans. Knowl. Data Eng.,30,1,2018
J313,KAIS,Knowl. Inf. Syst.,27,2,2011
J314,KAIS,Knowl. Inf. Syst.,37,1,2013
J315,VLDB,VLDB J.,23,1,2014
J316,PVLDB,PVLDB,10,13,2017
J317,PVLDB,PVLDB,8,12,2015
J318,TODS,ACM Trans. Database Syst.,37,3,2012
J319,CACM,Commun. ACM,55,12,2012
J320,SIGMOD,SIGMOD Record,40,4,2011
J321,TKDE,IEEE Trans. Knowl. Data Eng.,29,8,2017
J322,KAIS,Knowl. Inf. Syst.,56,1,2018
J323,TKDE,IEEE Trans. Knowl. Data Eng.,31,11,2019
J324,KAIS,Knowl. Inf. Syst.,49,3,2016
J325,TKDE,IEEE Trans. Knowl. Data Eng.,25,11,2013
J326,CACM,Commun. ACM,62,2,2019
J327,KAIS,Knowl. Inf. Syst.,46,2,2016
J328,IS,Inf. Syst.,77,,2018
J329,PVLDB,PVLDB,8,8,2015
J330,PVLDB,PVLDB,9,11,2016
J331,CACM,Commun. ACM,58,11,2015
J332,PVLDB,PVLDB,4,9,2011
J333,TKDE,IEEE Trans. Knowl. Data Eng.,26,7,2014
J334,CACM,Commun. ACM,58,8,2015
J335,TKDE,IEEE Trans. Knowl. Data Eng.,24,1,2012
J336,TKDE,IEEE Trans. Knowl. Data Eng.,31,4,2019
J337,KAIS,Knowl. Inf. Syst.,33,2,2012
J338,DEBU,IEEE Data Eng. Bull.,36,1,2013
J339,TKDE,IEEE Trans. Knowl. Data Eng.,30,6,2018
J340,IS,Inf. Syst.,69,,2017
J341,CACM,Commun. ACM,56,7,2013
J342,DBSK,Datenbank-Spektrum,13,1,2013
J343,TODS,ACM Trans. Database Syst.,43,3,2018
J344,VLDB,VLDB J.,23,6,2014
J345,KAIS,Knowl. Inf. Syst.,43,1,2015
J346,DBSK,Datenbank-Spektrum,12,3,2012
J347,SIGMOD,SIGMOD Record,42,2,2013
J348,VLDB,VLDB J.,22,3,2013
J349,PVLDB,PVLDB,4,4,2011
J350,TKDE,IEEE Trans. Knowl. Data Eng.,26,2,2014
J351,KAIS,Knowl. Inf. Syst.,55,3,2018
J352,PVLDB,PVLDB,10,10,2017
J353,DBSK,Datenbank-Spektrum,19,3,2019
J354,CACM,Commun. ACM,59,8,2016
J355,KAIS,Knowl. Inf. Syst.,53,2,2017
J356,KAIS,Knowl. Inf. Syst.,43,3,2015
J357,VLDB,VLDB J.,20,2,2011
J358,TKDE,IEEE Trans. Knowl. Data Eng.,26,9,2014
J359,PVLDB,PVLDB,5,4,2011
J360,SIGMOD,SIGMOD Record,43,2,2014
J361,TKDE,IEEE Trans. Knowl. Data Eng.,27,7,2015
J362,PVLDB,PVLDB,8,5,2015
J363,IS,Inf. Syst.,85,,2019
J364,IS,Inf. Syst.,72,,2017
J365,PVLDB,PVLDB,5,9,2012
J366,PVLDB,PVLDB,4,6,2011
J367,CACM,Commun. ACM,60,10,2017
J368,KAIS,Knowl. Inf. Syst.,44,1,2015
J369,CACM,Commun. ACM,60,1,2017
J370,PVLDB,PVLDB,11,9,2018
J371,TKDE,IEEE Trans. Knowl. Data Eng.,24,6,2012
J372,KAIS,Knowl. Inf. Syst.,47,2,2016
J373,CACM,Commun. ACM,59,3,2016
J374,KAIS,Knowl. Inf. Syst.,40,2,2014
J375,PVLDB,PVLDB,11,4,2017
J376,PVLDB,PVLDB,9,13,2016
J377,DEBU,IEEE Data Eng. Bull.,38,4,2015
J378,KAIS,Knowl. Inf. Syst.,57,1,2018
J379,VLDB,VLDB J.,24,1,2015
J380,TKDE,IEEE Trans. Knowl. Data Eng.,27,11,2015
J381,CACM,Commun. ACM,60,6,2017
J382,TKDE,IEEE Trans. Knowl. Data Eng.,26,4,2014
J383,TKDE,IEEE Trans. Knowl. Data Eng.,23,8,2011
J384,CACM,Commun. ACM,58,5,2015
J385,PVLDB,PVLDB,10,6,2017
J386,CACM,Commun. ACM,54,1,2011
J387,KAIS,Knowl. Inf. Syst.,50,1,2017
J388,TODS,ACM Trans. Database Syst.,44,3,2019
J389,KAIS,Knowl. Inf. Syst.,56,3,2018
J390,TKDE,IEEE Trans. Knowl. Data Eng.,30,12,2018
J391,DEBU,IEEE Data Eng. Bull.,39,2,2016
J392,DBSK,Datenbank-Spektrum,13,3,2013
J393,VLDB,VLDB J.,25,4,2016
J394,TKDE,IEEE Trans. Knowl. Data Eng.,27,2,2015
J395,VLDB,VLDB J.,23,3,2014
J396,TKDE,IEEE Trans. Knowl. Data Eng.,28,10,2016
J397,PVLDB,PVLDB,7,13,2014
J398,KAIS,Knowl. Inf. Syst.,34,2,2013
J399,TKDE,IEEE Trans. Knowl. Data Eng.,31,6,2019
J400,IS,Inf. Syst.,37,1,2012
J401,CACM,Commun. ACM,61,9,2018
J402,DBSK,Datenbank-Spektrum,14,1,2014
J403,VLDB,VLDB J.,24,6,2015
J404,TKDE,IEEE Trans. Knowl. Data Eng.,24,12,2012
J405,TODS,ACM Trans. Database Syst.,39,1,2014
J406,SIGMOD,SIGMOD Record,45,3,2016
J407,PVLDB,PVLDB,10,1,2016
J408,DEBU,IEEE Data Eng. Bull.,37,1,2014
J409,DEBU,IEEE Data Eng. Bull.,41,3,2018
J410,CACM,Commun. ACM,54,6,2011
J411,PVLDB,PVLDB,9,8,2016
J412,IS,Inf. Syst.,51,,2015
J413,CACM,Commun. ACM,57,2,2014
J414,PVLDB,PVLDB,6,14,2013
J415,TODS,ACM Trans. Database Syst.,38,3,2013
J416,IS,Inf. Syst.,64,,2017
J417,IS,Inf. Syst.,37,6,2012
J418,TKDE,IEEE Trans. Knowl. Data Eng.,31,1,2019
J419,CACM,Commun. ACM,55,4,2012
J420,IS,Inf. Syst.,43,,2014
J421,CACM,Commun. ACM,55,9,2012
J422,KAIS,Knowl. Inf. Syst.,30,3,2012
J423,IS,Inf. Syst.,38,4,2013
J424,VLDB,VLDB J.,21,5,2012
J425,SIGMOD,SIGMOD Record,47,1,2018
J426,CACM,Commun. ACM,63,2,2020
J427,SIGMOD,SIGMOD Record,41,4,2012
J428,VLDB,VLDB J.,28,5,2019
J429,CACM,Commun. ACM,57,12,2014
J430,PVLDB,PVLDB,5,10,2012
J431,DBSK,Datenbank-Spektrum,17,2,2017
J432,TKDE,IEEE Trans. Knowl. Data Eng.,23,3,2011
J433,PVLDB,PVLDB,13,2,2019
J434,TODS,ACM Trans. Database Syst.,40,4,2016
J435,DEBU,IEEE Data Eng. Bull.,35,3,2012
J436,KAIS,Knowl. Inf. Syst.,31,1,2012
J437,PVLDB,PVLDB,9,3,2015
J438,PVLDB,PVLDB,7,2,2013
J439,VLDB,VLDB J.,27,2,2018
J440,SIGMOD,SIGMOD Record,40,1,2011
J441,IS,Inf. Syst.,80,,2019
J442,KAIS,Knowl. Inf. Syst.,38,1,2014
J443,TKDE,IEEE Trans. Knowl. Data Eng.,29,11,2017
J444,PVLDB,PVLDB,7,7,2014
J445,DBSK,Datenbank-Spektrum,11,2,2011
J446,KAIS,Knowl. Inf. Syst.,58,1,2019
J447,CACM,Commun. ACM,55,1,2012
J448,TKDE,IEEE Trans. Knowl. Data Eng.,32,1,2020
J449,SIGMOD,SIGMOD Record,48,1,2019
J450,KAIS,Knowl. Inf. Syst.,39,1,2014
J451,IS,Inf. Syst.,74,,2018
J452,CACM,Commun. ACM,54,10,2011
J453,CACM,Commun. ACM,61,6,2018
J454,PVLDB,PVLDB,7,10,2014
J455,KAIS,Knowl. Inf. Syst.,48,2,2016
J456,CACM,Commun. ACM,59,12,2016
J457,TODS,ACM Trans. Database Syst.,39,3,2014
J458,VLDB,VLDB J.,22,5,2013
J459,DEBU,IEEE Data Eng. Bull.,42,3,2019
J460,KAIS,Knowl. Inf. Syst.,26,1,2011
J461,IS,Inf. Syst.,53,,2015
J462,CACM,Commun. ACM,62,10,2019
J463,SIGMOD,SIGMOD Record,46,3,2017
J464,KAIS,Knowl. Inf. Syst.,45,1,2015
J465,CACM,Commun. ACM,58,2,2015
J466,TKDE,IEEE Trans. Knowl. Data Eng.,29,5,2017
J467,TODS,ACM Trans. Database Syst.,36,2,2011
J468,SIGMOD,SIGMOD Record,42,4,2013
J469,PVLDB,PVLDB,6,11,2013
J470,PVLDB,PVLDB,9,5,2016
J471,KAIS,Knowl. Inf. Syst.,54,2,2018
J472,VLDB,VLDB J.,25,6,2016
J473,CACM,Commun. ACM,55,6,2012
J474,IS,Inf. Syst.,38,1,2013
J475,TODS,ACM Trans. Database Syst.,42,2,2017
J476,TKDE,IEEE Trans. Knowl. Data Eng.,30,3,2018
J477,IS,Inf. Syst.,66,,2017
J478,SIGMOD,SIGMOD Record,41,1,2012
J479,VLDB,VLDB J.,28,2,2019
J480,TKDE,IEEE Trans. Knowl. Data Eng.,28,7,2016
J481,PVLDB,PVLDB,12,9,2019
J482,DEBU,IEEE Data Eng. Bull.,36,3,2013
J483,TODS,ACM Trans. Database Syst.,40,1,2015
J484,CACM,Commun. ACM,57,7,2014
J485,TODS,ACM Trans. Database Syst.,41,4,2016
J486,PVLDB,PVLDB,6,9,2013
J487,VLDB,VLDB J.,21,2,2012
J488,KAIS,Knowl. Inf. Syst.,32,1,2012
J489,TKDE,IEEE Trans. Knowl. Data Eng.,25,1,2013
J490,KAIS,Knowl. Inf. Syst.,50,3,2017
J491,PVLDB,PVLDB,12,4,2018
J492,IS,Inf. Syst.,45,,2014
J493,CACM,Commun. ACM,59,5,2016
J494,IS,Inf. Syst.,36,3,2011
J495,CACM,Commun. ACM,56,9,2013
J496,DEBU,IEEE Data Eng. Bull.,39,4,2016
J497,TKDE,IEEE Trans. Knowl. Data Eng.,30,8,2018
J498,IS,Inf. Syst.,36,8,2011
J499,TKDE,IEEE Trans. Knowl. Data Eng.,28,2,2016
J500,PVLDB,PVLDB,5,6,2012
J501,KAIS,Knowl. Inf. Syst.,41,2,2014
J502,CACM,Commun. ACM,56,4,2013
J503,TKDE,IEEE Trans. Knowl. Data Eng.,24,3,2012
J504,PVLDB,PVLDB,11,6,2018
J505,PVLDB,PVLDB,4,11,2011
J506,TKDE,IEEE Trans. Knowl. Data Eng.,27,4,2015
J507,CACM,Commun. ACM,62,9,2019
J508,IS,Inf. Syst.,58,,2016
J509,KAIS,Knowl. Inf. Syst.,60,2,2019
J510,DBSK,Datenbank-Spektrum,15,1,2015
J511,PVLDB,PVLDB,11,1,2017
J512,KAIS,Knowl. Inf. Syst.,28,2,2011
J513,TKDE,IEEE Trans. Knowl. Data Eng.,26,12,2014
J514,TKDE,IEEE Trans. Knowl. Data Eng.,25,6,2013
J515,KAIS,Knowl. Inf. Syst.,35,2,2013
J516,PVLDB,PVLDB,6,4,2013
J517,PVLDB,PVLDB,11,11,2018
J518,IS,Inf. Syst.,79,,2019
J519,VLDB,VLDB J.,26,4,2017
J520,CACM,Commun. ACM,61,1,2018
J521,KAIS,Knowl. Inf. Syst.,37,3,2013
J522,CACM,Commun. ACM,62,4,2019
J523,KAIS,Knowl. Inf. Syst.,51,1,2017
J524,TKDE,IEEE Trans. Knowl. Data Eng.,24,8,2012
J525,IS,Inf. Syst.,87,,2020
J526,PVLDB,PVLDB,5,1,2011
J527,PVLDB,PVLDB,12,10,2019
J528,VLDB,VLDB J.,25,1,2016
J529,CACM,Commun. ACM,60,3,2017
J530,PVLDB,PVLDB,5,12,2012
J531,VLDB,VLDB J.,26,6,2017
J532,DBSK,Datenbank-Spektrum,16,1,2016
J533,PVLDB,PVLDB,12,1,2018
J534,TKDE,IEEE Trans. Knowl. Data Eng.,23,10,2011
J535,KAIS,Knowl. Inf. Syst.,29,2,2011
J536,KAIS,Knowl. Inf. Syst.,38,3,2014
J537,SIGMOD,SIGMOD Record,47,3,2018
J538,TKDE,IEEE Trans. Knowl. Data Eng.,28,12,2016
J539,TKDE,IEEE Trans. Knowl. Data Eng.,31,3,2019
J540,CACM,Commun. ACM,54,3,2011
J541,IS,Inf. Syst.,68,,2017
J542,VLDB,VLDB J.,24,3,2015
J543,IS,Inf. Syst.,36,5,2011
J544,VLDB,VLDB J.,27,4,2018
J545,KAIS,Knowl. Inf. Syst.,57,3,2018
J546,TKDE,IEEE Trans. Knowl. Data Eng.,31,8,2019
J547,SIGMOD,SIGMOD Record,44,2,2015
J548,IS,Inf. Syst.,40,,2014
J549,CACM,Commun. ACM,56,1,2013
J550,CACM,Commun. ACM,60,8,2017
J551,TKDE,IEEE Trans. Knowl. Data Eng.,31,10,2019
J552,CACM,Commun. ACM,62,6,2019
J553,TKDE,IEEE Trans. Knowl. Data Eng.,25,3,2013
J554,VLDB,VLDB J.,23,5,2014
J555,CACM,Commun. ACM,56,10,2013
J556,KAIS,Knowl. Inf. Syst.,59,1,2019
J557,KAIS,Knowl. Inf. Syst.,44,3,2015
J558,TKDE,IEEE Trans. Knowl. Data Eng.,27,9,2015
J559,VLDB,VLDB J.,20,4,2011
J560,KAIS,Knowl. Inf. Syst.,51,3,2017
J561,PVLDB,PVLDB,13,4,2019
J562,SIGMOD,SIGMOD Record,43,4,2014
J563,TODS,ACM Trans. Database Syst.,37,2,2012
J564,IS,Inf. Syst.,37,3,2012
J565,CACM,Commun. ACM,61,11,2018
J566,VLDB,VLDB J.,26,1,2017
J567,CACM,Commun. ACM,60,12,2017
J568,PVLDB,PVLDB,6,1,2012
J569,KAIS,Knowl. Inf. Syst.,42,2,2015
J570,KAIS,Knowl. Inf. Syst.,52,1,2017
J571,TKDE,IEEE Trans. Knowl. Data Eng.,25,8,2013
J572,IS,Inf. Syst.,82,,2019
J573,CACM,Commun. ACM,62,1,2019
J574,CACM,Commun. ACM,54,8,2011
J575,IS,Inf. Syst.,89,,2020
J576,DEBU,IEEE Data Eng. Bull.,34,2,2011
J577,TODS,ACM Trans. Database Syst.,43,2,2018
J578,PVLDB,PVLDB,4,8,2011
J579,IS,Inf. Syst.,38,6,2013
J580,SIGMOD,SIGMOD Record,42,1,2013
J581,KAIS,Knowl. Inf. Syst.,33,1,2011
J582,KAIS,Knowl. Inf. Syst.,31,3,2012
J583,PVLDB,PVLDB,8,2,2014
J584,CACM,Commun. ACM,58,10,2015
J585,KAIS,Knowl. Inf. Syst.,46,1,2016
J586,KAIS,Knowl. Inf. Syst.,55,2,2018
J587,TKDE,IEEE Trans. Knowl. Data Eng.,26,6,2014
J588,VLDB,VLDB J.,22,2,2013
J589,TODS,ACM Trans. Database Syst.,42,4,2017
J590,DBSK,Datenbank-Spektrum,18,2,2018
J591,PVLDB,PVLDB,10,8,2017
J592,PVLDB,PVLDB,10,12,2017
J593,TKDE,IEEE Trans. Knowl. Data Eng.,23,5,2011
J594,TKDE,IEEE Trans. Knowl. Data Eng.,29,2,2017
J595,SIGMOD,SIGMOD Record,40,3,2011
J596,IS,Inf. Syst.,47,,2015
J597,PVLDB,PVLDB,7,4,2013
J598,PVLDB,PVLDB,8,11,2015
J599,PVLDB,PVLDB,9,10,2016
J600,CACM,Commun. ACM,55,11,2012
J601,DEBU,IEEE Data Eng. Bull.,38,1,2015
J602,CACM,Commun. ACM,54,12,2011
J603,IS,Inf. Syst.,61,,2016
J604,CACM,Commun. ACM,57,9,2014
J605,KAIS,Knowl. Inf. Syst.,61,2,2019
J606,IS,Inf. Syst.,39,,2014
J607,DBSK,Datenbank-Spektrum,14,3,2014
J608,DBSK,Datenbank-Spektrum,12,2,2012
J609,TKDE,IEEE Trans. Knowl. Data Eng.,26,1,2014
J610,PVLDB,PVLDB,8,7,2015
J611,CACM,Commun. ACM,57,4,2014
J612,DEBU,IEEE Data Eng. Bull.,37,3,2014
J613,PVLDB,PVLDB,10,3,2016
J614,CACM,Commun. ACM,58,7,2015
J615,TKDE,IEEE Trans. Knowl. Data Eng.,30,5,2018
J616,IS,Inf. Syst.,37,8,2012
J617,PVLDB,PVLDB,7,9,2014
J618,TKDE,IEEE Trans. Knowl. Data Eng.,29,7,2017
J619,CACM,Commun. ACM,56,6,2013
J620,PVLDB,PVLDB,4,5,2011
J621,TKDE,IEEE Trans. Knowl. Data Eng.,27,1,2015
J622,DEBU,IEEE Data Eng. Bull.,39,1,2016
J623,TKDE,IEEE Trans. Knowl. Data Eng.,26,3,2014
J624,CACM,Commun. ACM,55,8,2012
J625,KAIS,Knowl. Inf. Syst.,62,2,2020
J626,PVLDB,PVLDB,11,3,2017
J627,IS,Inf. Syst.,55,,2016
J628,CACM,Commun. ACM,59,2,2016
J629,KAIS,Knowl. Inf. Syst.,40,1,2014
J630,TODS,ACM Trans. Database Syst.,40,3,2015
J631,TKDE,IEEE Trans. Knowl. Data Eng.,24,5,2012
J632,VLDB,VLDB J.,28,4,2019
J633,IS,Inf. Syst.,42,,2014
J634,PVLDB,PVLDB,5,3,2011
J635,DBSK,Datenbank-Spektrum,19,2,2019
J636,DEBU,IEEE Data Eng. Bull.,38,3,2015
J637,TODS,ACM Trans. Database Syst.,43,4,2018
J638,DBSK,Datenbank-Spektrum,15,3,2015
J639,PVLDB,PVLDB,10,5,2017
J640,IS,Inf. Syst.,38,3,2013
J641,SIGMOD,SIGMOD Record,43,1,2014
J642,TKDE,IEEE Trans. Knowl. Data Eng.,23,2,2011
J643,CACM,Commun. ACM,58,9,2015
J644,KAIS,Knowl. Inf. Syst.,49,2,2016
J645,TKDE,IEEE Trans. Knowl. Data Eng.,25,10,2013
J646,KAIS,Knowl. Inf. Syst.,39,3,2014
J647,TODS,ACM Trans. Database Syst.,44,2,2019
J648,TKDE,IEEE Trans. Knowl. Data Eng.,24,11,2012
J649,VLDB,VLDB J.,25,3,2016
J650,KAIS,Knowl. Inf. Syst.,34,1,2013
J651,PVLDB,PVLDB,8,4,2014
J652,PVLDB,PVLDB,6,13,2013
J653,PVLDB,PVLDB,7,12,2014
J654,KAIS,Knowl. Inf. Syst.,27,1,2011
J655,CACM,Commun. ACM,59,7,2016
J656,IS,Inf. Syst.,71,,2017
J657,TKDE,IEEE Trans. Knowl. Data Eng.,30,11,2018
J658,SIGMOD,SIGMOD Record,48,3,2019
J659,CACM,Commun. ACM,58,4,2015
J660,TODS,ACM Trans. Database Syst.,36,4,2011
J661,PVLDB,PVLDB,11,13,2018
J662,KAIS,Knowl. Inf. Syst.,47,1,2016
J663,IS,Inf. Syst.,38,8,2013
J664,TKDE,IEEE Trans. Knowl. Data Eng.,27,10,2015
J665,KAIS,Knowl. Inf. Syst.,26,3,2011
J666,TKDE,IEEE Trans. Knowl. Data Eng.,32,3,2020
J667,IS,Inf. Syst.,63,,2017
J668,TKDE,IEEE Trans. Knowl. Data Eng.,23,7,2011
J669,CACM,Commun. ACM,62,12,2019
J670,CACM,Commun. ACM,61,3,2018
J671,KAIS,Knowl. Inf. Syst.,45,3,2015
J672,IS,Inf. Syst.,50,,2015
J673,TODS,ACM Trans. Database Syst.,38,2,2013
J674,SIGMOD,SIGMOD Record,44,4,2015
J675,PVLDB,PVLDB,9,7,2016
J676,CACM,Commun. ACM,56,12,2013
J677,DEBU,IEEE Data Eng. Bull.,40,4,2017
J678,CACM,Commun. ACM,57,1,2014
J679,VLDB,VLDB J.,20,6,2011
J680,TKDE,IEEE Trans. Knowl. Data Eng.,28,9,2016
J681,PVLDB,PVLDB,6,6,2013
J682,VLDB,VLDB J.,24,5,2015
J683,PVLDB,PVLDB,12,12,2019
J684,CACM,Commun. ACM,60,5,2017
J685,VLDB,VLDB J.,27,1,2018
J686,SIGMOD,SIGMOD Record,41,3,2012
J687,KAIS,Knowl. Inf. Syst.,36,2,2013
J688,PVLDB,PVLDB,9,2,2015
J689,DEBU,IEEE Data Eng. Bull.,41,2,2018
J690,DEBU,IEEE Data Eng. Bull.,34,4,2011
J691,KAIS,Knowl. Inf. Syst.,58,3,2019
J692,SIGMOD,SIGMOD Record,45,2,2016
J693,KAIS,Knowl. Inf. Syst.,32,3,2012
J694,VLDB,VLDB J.,21,4,2012
J695,CACM,Commun. ACM,57,11,2014
J696,TKDE,IEEE Trans. Knowl. Data Eng.,27,6,2015
J697,PVLDB,PVLDB,12,6,2019
J698,DEBU,IEEE Data Eng. Bull.,35,2,2012
J699,DBSK,Datenbank-Spektrum,17,1,2017
J700,CACM,Commun. ACM,61,8,2018
J701,VLDB,VLDB J.,20,1,2011
J702,TKDE,IEEE Trans. Knowl. Data Eng.,28,4,2016
J703,PVLDB,PVLDB,13,1,2019
J704,CACM,Commun. ACM,55,3,2012
J705,TKDE,IEEE Trans. Knowl. Data Eng.,23,12,2011
J706,KAIS,Knowl. Inf. Syst.,53,1,2017
J707,IS,Inf. Syst.,84,,2019
J708,CACM,Commun. ACM,54,5,2011
J709,PVLDB,PVLDB,11,8,2018
J710,CACM,Commun. ACM,63,1,2020
J711,IS,Inf. Syst.,76,,2018
J712,PVLDB,PVLDB,5,8,2012
J713,TODS,ACM Trans. Database Syst.,41,1,2016
